"X","Y","Z","Code","Means"
-105.5878198,40.05490012,3739,"d1",3.03376582152918
-105.543657,40.036902,3022,"c1",1.862230686823
-105.5923174,40.05492794,3528,"sdl",2.48668809268738
