"X","Y","Code","Jan","Feb","Mar","Apr","May","Jun","Jul","Aug","Sep","Oct","Nov","Dec","Annual"
-105.543657,40.036902,"c1",0.556,0.171,0.713,0.147,0.97,0.039,0.723,0.104,0.562,0.148,0.152,0.886,0.736
-105.5878198,40.05490012,"d1",0.086,0.001,0.444,0.006,0.51,0.32,0.328,0.571,0.497,0,0.071,0.001,0
-105.5923174,40.05492794,"sdl",0,0,0.151,0.287,0.012,0.91,0.698,0.655,0.454,0.038,0.034,0,0
