"X","Y","Code","Jan","Feb","Mar","Apr","May","Jun","Jul","Aug","Sep","Oct","Nov","Dec","Annual"
-105.543657,40.036902,"c1",1.5,1.7,2.2,3,2.6,1.6,2.1,1.8,1.6,1.3,1.5,1.4,1.9
-105.5878198,40.05490012,"d1",3.8,4,4.2,4.3,3.2,1.8,2.2,2,1.8,2.2,3.5,3.5,3
-105.5923174,40.05492794,"sdl",3,3,3.1,3.3,2.4,2.1,2.3,2,2,1.5,2.5,2.7,2.5
