"X","Y","Code","Value"
-105.543657,40.036902,"c1",0
-105.5878198,40.05490012,"d1",0
-105.5923174,40.05492794,"sdl",0
