"X","Y","Code","Jan","Feb","Mar","Apr","May","Jun","Jul","Aug","Sep","Oct","Nov","Dec","Annual"
-105.543657,40.036902,"c1",0.471,0.082,0.317,0.522,0.437,0.104,0.609,0.274,0.872,0.505,0.019,0.949,0.767
-105.5878198,40.05490012,"d1",0.561,0.001,0.982,0.785,0.592,0.149,0.383,0.3,0.524,0.87,0.046,0.088,0.911
-105.5923174,40.05492794,"sdl",0.064,0.001,0.552,0.875,0.996,0.039,0.05,0.186,0.426,0.104,0.078,0.981,0.57
-105.5923174,40.05492794,"sdl-2",0.064,0.001,0.553,0.874,0.996,0.039,0.05,0.186,0.425,0.103,0.078,0.98,0.571
