"X","Y","Code","Jan","Feb","Mar","Apr","May","Jun","Jul","Aug","Sep","Oct","Nov","Dec","Annual"
-105.543657,40.036902,"c1",27,71.2,-44,42.3,43.4,-52.4,-26.1,-41.5,-8.7,25.7,-86.3,-2.2,-4.3
-105.5878198,40.05490012,"d1",38.2,197,1.3,-22.6,-37.8,-55.7,-45.9,-38.4,-30.2,10.5,-157.4,114.8,-2.2
-105.5923174,40.05492794,"sdl",119.9,200.6,-33.6,10.7,-0.4,-138.8,-138.3,-62.6,-61.2,75.6,-115.8,1.5,-11.9
-105.5923174,40.05492794,"sdl-2",81.6,136.6,-22.8,7.3,-0.2,-94.4,-94.1,-42.6,-41.7,51.5,-78.8,1,-8.1
