year,GDD
1982,320
1983,360
1984,354.5
1985,382.55
1986,345.5
1987,567
1988,599.5
1989,526.5
1990,530.5
1991,470
1992,479.5
1993,385
1994,569
1995,453
1996,533
1997,465
1998,466
1999,461.5
2000,610
2001,545
2002,647.5
2003,585.5
2004,369.5
2005,529.5
2006,520
2007,616.5
2008,517.5
2009,396
2010,505.8
2011,543.65
2012,735.55
2013,592.5
2014,534.15
2015,356.545789878301
2016,409.5
2017,535.438867630185
2018,487.718025091938
